transfer_id,personnel_id,from_unit_id,to_unit_id,transfer_date,transfer_type
P00002-T01,P00002,U011,U015,2026-04-18,routine_rotation
P00004-T01,P00004,U016,U004,2025-04-12,routine_rotation
P00005-T01,P00005,U010,U014,2025-03-15,operational_requirement
P00006-T01,P00006,U011,U009,2024-10-05,operational_requirement
P00007-T01,P00007,U002,U015,2026-05-23,routine_rotation
P00010-T01,P00010,U006,U006,2026-06-25,routine_rotation
P00011-T01,P00011,U011,U007,2025-07-04,routine_rotation
P00012-T01,P00012,U015,U001,2025-05-06,routine_rotation
P00012-T02,P00012,U010,U001,2025-10-28,routine_rotation
P00013-T01,P00013,U013,U013,2025-12-21,routine_rotation
P00013-T02,P00013,U009,U013,2025-06-29,routine_rotation
P00014-T01,P00014,U001,U004,2026-03-03,routine_rotation
P00015-T01,P00015,U005,U008,2025-08-14,routine_rotation
P00015-T02,P00015,U010,U008,2025-02-09,on_request
P00015-T03,P00015,U016,U008,2026-03-22,routine_rotation
P00015-T04,P00015,U009,U008,2026-04-18,routine_rotation
P00018-T01,P00018,U010,U003,2025-07-28,routine_rotation
P00018-T02,P00018,U012,U003,2026-04-02,routine_rotation
P00019-T01,P00019,U002,U009,2025-02-12,operational_requirement
P00019-T02,P00019,U005,U009,2026-02-09,routine_rotation
P00020-T01,P00020,U001,U012,2026-03-23,routine_rotation
P00021-T01,P00021,U007,U015,2026-04-05,routine_rotation
P00023-T01,P00023,U011,U014,2025-04-11,operational_requirement
P00024-T01,P00024,U011,U010,2025-10-31,routine_rotation
P00025-T01,P00025,U013,U014,2025-06-09,routine_rotation
P00025-T02,P00025,U002,U014,2026-01-04,operational_requirement
P00025-T03,P00025,U003,U014,2025-04-08,routine_rotation
P00026-T01,P00026,U013,U016,2026-05-08,routine_rotation
P00026-T02,P00026,U007,U016,2025-06-07,operational_requirement
P00026-T03,P00026,U004,U016,2025-08-12,operational_requirement
P00027-T01,P00027,U016,U011,2024-09-27,on_request
P00027-T02,P00027,U004,U011,2026-03-12,operational_requirement
P00028-T01,P00028,U011,U010,2025-09-07,routine_rotation
P00033-T01,P00033,U015,U014,2025-08-04,operational_requirement
P00034-T01,P00034,U004,U012,2024-09-06,operational_requirement
P00034-T02,P00034,U003,U012,2026-07-10,routine_rotation
P00034-T03,P00034,U010,U012,2025-04-27,on_request
P00037-T01,P00037,U013,U003,2026-01-30,routine_rotation
P00038-T01,P00038,U011,U016,2024-09-07,routine_rotation
P00039-T01,P00039,U002,U004,2024-12-27,operational_requirement
P00039-T02,P00039,U011,U004,2025-07-15,operational_requirement
P00040-T01,P00040,U002,U012,2026-07-14,routine_rotation
P00040-T02,P00040,U007,U012,2026-02-07,operational_requirement
P00041-T01,P00041,U008,U001,2024-09-17,operational_requirement
P00042-T01,P00042,U014,U015,2025-11-16,routine_rotation
P00043-T01,P00043,U009,U010,2026-01-27,operational_requirement
P00043-T02,P00043,U007,U010,2025-07-03,on_request
P00043-T03,P00043,U005,U010,2026-01-21,operational_requirement
P00043-T04,P00043,U001,U010,2026-01-12,routine_rotation
P00044-T01,P00044,U003,U003,2025-01-17,operational_requirement
P00044-T02,P00044,U005,U003,2025-01-18,routine_rotation
P00044-T03,P00044,U001,U003,2025-08-01,routine_rotation
P00045-T01,P00045,U003,U003,2026-03-31,operational_requirement
P00047-T01,P00047,U014,U012,2025-01-28,on_request
P00052-T01,P00052,U007,U016,2024-12-30,routine_rotation
P00052-T02,P00052,U002,U016,2026-07-13,routine_rotation
P00053-T01,P00053,U012,U011,2026-01-22,routine_rotation
P00053-T02,P00053,U002,U011,2025-01-04,operational_requirement
P00053-T03,P00053,U001,U011,2025-06-17,operational_requirement
P00053-T04,P00053,U009,U011,2026-04-09,routine_rotation
P00056-T01,P00056,U006,U004,2026-04-21,operational_requirement
P00056-T02,P00056,U005,U004,2024-10-23,operational_requirement
P00057-T01,P00057,U008,U012,2026-04-20,routine_rotation
P00059-T01,P00059,U006,U009,2025-07-29,routine_rotation
P00059-T02,P00059,U010,U009,2026-03-17,routine_rotation
P00059-T03,P00059,U006,U009,2025-04-12,routine_rotation
P00061-T01,P00061,U006,U016,2025-05-18,routine_rotation
P00061-T02,P00061,U010,U016,2025-01-11,routine_rotation
P00062-T01,P00062,U010,U005,2026-05-23,routine_rotation
P00064-T01,P00064,U011,U004,2025-09-03,routine_rotation
P00064-T02,P00064,U012,U004,2025-07-18,routine_rotation
P00065-T01,P00065,U001,U016,2025-09-28,routine_rotation
P00066-T01,P00066,U009,U003,2024-10-24,operational_requirement
P00068-T01,P00068,U014,U014,2026-03-11,routine_rotation
P00069-T01,P00069,U014,U001,2026-01-09,routine_rotation
P00070-T01,P00070,U010,U006,2025-10-12,operational_requirement
P00071-T01,P00071,U012,U010,2026-03-24,routine_rotation
P00071-T02,P00071,U007,U010,2026-04-02,operational_requirement
P00072-T01,P00072,U014,U010,2025-11-22,operational_requirement
P00072-T02,P00072,U010,U010,2026-04-06,routine_rotation
P00073-T01,P00073,U009,U016,2026-07-30,routine_rotation
P00074-T01,P00074,U002,U005,2025-06-06,operational_requirement
P00074-T02,P00074,U013,U005,2025-06-05,routine_rotation
P00074-T03,P00074,U008,U005,2025-10-20,routine_rotation
P00074-T04,P00074,U001,U005,2025-01-26,on_request
P00074-T05,P00074,U011,U005,2025-01-05,operational_requirement
P00075-T01,P00075,U005,U015,2025-05-28,routine_rotation
P00076-T01,P00076,U001,U007,2025-02-08,on_request
P00076-T02,P00076,U015,U007,2026-02-04,routine_rotation
P00077-T01,P00077,U014,U002,2025-07-22,routine_rotation
P00079-T01,P00079,U015,U015,2024-10-05,routine_rotation
P00079-T02,P00079,U011,U015,2026-02-15,operational_requirement
P00081-T01,P00081,U005,U015,2025-12-28,operational_requirement
P00081-T02,P00081,U003,U015,2025-02-10,routine_rotation
P00082-T01,P00082,U009,U003,2025-04-10,routine_rotation
P00082-T02,P00082,U011,U003,2026-02-10,operational_requirement
P00083-T01,P00083,U016,U006,2026-01-18,on_request
P00085-T01,P00085,U001,U014,2025-10-16,routine_rotation
P00086-T01,P00086,U003,U005,2026-04-08,routine_rotation
P00087-T01,P00087,U001,U008,2026-07-07,on_request
P00087-T02,P00087,U016,U008,2025-08-25,routine_rotation
P00087-T03,P00087,U005,U008,2025-07-16,routine_rotation
P00088-T01,P00088,U012,U010,2026-03-06,on_request
P00092-T01,P00092,U013,U006,2026-01-22,operational_requirement
P00093-T01,P00093,U001,U010,2026-02-05,operational_requirement
P00093-T02,P00093,U013,U010,2025-04-11,routine_rotation
P00095-T01,P00095,U008,U002,2026-02-13,routine_rotation
P00095-T04,P00095,U010,U002,2026-06-02,routine_rotation
P00095-T05,P00095,U016,U002,2025-09-28,operational_requirement
P00096-T01,P00096,U010,U016,2024-09-08,operational_requirement
P00097-T01,P00097,U007,U005,2025-08-09,routine_rotation
P00097-T02,P00097,U011,U005,2024-09-27,operational_requirement
P00097-T03,P00097,U014,U005,2025-11-07,operational_requirement
P00097-T04,P00097,U014,U005,2025-03-01,operational_requirement
P00097-T05,P00097,U007,U005,2025-05-27,routine_rotation
P00098-T01,P00098,U003,U015,2025-05-22,routine_rotation
P00098-T02,P00098,U012,U015,2025-08-26,routine_rotation
P00099-T01,P00099,U008,U012,2025-10-25,routine_rotation
P00101-T01,P00101,U015,U002,2024-09-03,operational_requirement
P00103-T01,P00103,U015,U010,2026-04-27,routine_rotation
P00103-T02,P00103,U005,U010,2025-09-23,routine_rotation
P00103-T03,P00103,U003,U010,2026-01-02,on_request
P00105-T01,P00105,U009,U002,2026-05-08,routine_rotation
P00107-T01,P00107,U005,U008,2025-10-04,routine_rotation
P00111-T01,P00111,U010,U013,2026-07-13,operational_requirement
P00112-T01,P00112,U002,U015,2024-09-21,routine_rotation
P00113-T01,P00113,U012,U006,2025-03-26,operational_requirement
P00114-T01,P00114,U002,U005,2025-02-07,routine_rotation
P00115-T01,P00115,U014,U007,2025-11-14,routine_rotation
P00115-T02,P00115,U013,U007,2026-07-29,routine_rotation
P00116-T01,P00116,U003,U011,2026-04-03,routine_rotation
P00116-T02,P00116,U007,U011,2025-08-18,routine_rotation
P00116-T03,P00116,U003,U011,2025-03-18,routine_rotation
P00117-T01,P00117,U014,U003,2026-02-04,operational_requirement
P00120-T01,P00120,U016,U009,2026-04-09,routine_rotation
P00120-T02,P00120,U011,U009,2025-12-30,routine_rotation
P00122-T01,P00122,U004,U008,2025-04-18,routine_rotation
P00124-T01,P00124,U004,U010,2025-07-23,operational_requirement
P00124-T02,P00124,U001,U010,2025-11-10,operational_requirement
P00124-T03,P00124,U010,U010,2025-01-14,routine_rotation
P00125-T01,P00125,U012,U004,2026-03-18,operational_requirement
P00125-T02,P00125,U012,U004,2025-02-12,operational_requirement
P00126-T01,P00126,U005,U002,2026-04-19,operational_requirement
P00127-T01,P00127,U013,U005,2024-09-27,routine_rotation
P00128-T01,P00128,U013,U016,2025-09-11,routine_rotation
P00128-T02,P00128,U011,U016,2025-10-06,routine_rotation
P00129-T01,P00129,U004,U006,2025-10-05,operational_requirement
P00130-T01,P00130,U015,U008,2026-06-22,operational_requirement
P00132-T01,P00132,U002,U008,2024-11-21,routine_rotation
P00135-T01,P00135,U010,U006,2025-04-10,operational_requirement
P00136-T01,P00136,U003,U009,2026-02-23,operational_requirement
P00136-T02,P00136,U015,U009,2024-10-15,routine_rotation
P00137-T01,P00137,U006,U016,2025-09-20,routine_rotation
P00138-T01,P00138,U006,U003,2026-04-14,operational_requirement
P00140-T01,P00140,U010,U001,2024-09-23,routine_rotation
P00141-T01,P00141,U011,U016,2026-05-19,routine_rotation
P00141-T02,P00141,U015,U016,2026-03-31,routine_rotation
P00143-T01,P00143,U013,U013,2025-04-18,routine_rotation
P00144-T01,P00144,U004,U001,2026-02-18,routine_rotation
P00145-T01,P00145,U002,U010,2026-05-19,operational_requirement
P00145-T02,P00145,U006,U010,2025-03-19,operational_requirement
P00146-T01,P00146,U004,U003,2026-04-16,operational_requirement
P00148-T01,P00148,U007,U012,2024-12-26,routine_rotation
P00148-T02,P00148,U010,U012,2026-01-15,routine_rotation
P00148-T03,P00148,U010,U012,2025-07-25,operational_requirement
P00149-T01,P00149,U005,U004,2024-10-03,routine_rotation
P00151-T01,P00151,U012,U015,2025-02-24,routine_rotation
P00151-T02,P00151,U013,U015,2025-08-19,operational_requirement
P00155-T01,P00155,U013,U014,2026-03-20,operational_requirement
P00155-T02,P00155,U010,U014,2025-10-22,routine_rotation
P00157-T01,P00157,U013,U006,2025-02-03,routine_rotation
P00159-T01,P00159,U006,U006,2026-02-16,routine_rotation
P00162-T01,P00162,U004,U012,2025-04-28,routine_rotation
P00162-T02,P00162,U005,U012,2025-05-05,routine_rotation
P00162-T03,P00162,U016,U012,2026-02-07,routine_rotation
P00162-T04,P00162,U011,U012,2024-11-26,routine_rotation
P00162-T05,P00162,U012,U012,2026-03-13,routine_rotation
P00163-T01,P00163,U010,U006,2024-09-26,operational_requirement
P00164-T01,P00164,U005,U014,2026-04-01,routine_rotation
P00164-T02,P00164,U009,U014,2025-06-04,routine_rotation
P00165-T01,P00165,U016,U015,2026-01-28,operational_requirement
P00165-T02,P00165,U006,U015,2025-07-30,routine_rotation
P00166-T01,P00166,U006,U009,2025-07-23,routine_rotation
P00169-T01,P00169,U002,U003,2025-12-08,routine_rotation
P00169-T02,P00169,U011,U003,2026-06-12,operational_requirement
P00170-T01,P00170,U015,U009,2026-04-02,routine_rotation
P00171-T01,P00171,U001,U012,2026-06-14,routine_rotation
P00171-T02,P00171,U006,U012,2024-10-14,routine_rotation
P00173-T01,P00173,U014,U010,2024-12-22,operational_requirement
P00175-T01,P00175,U012,U012,2025-08-28,routine_rotation
P00175-T02,P00175,U005,U012,2026-07-31,operational_requirement
P00176-T01,P00176,U016,U001,2026-04-10,routine_rotation
P00178-T01,P00178,U008,U005,2026-03-27,operational_requirement
P00179-T01,P00179,U006,U014,2024-12-05,routine_rotation
P00180-T01,P00180,U010,U010,2026-03-27,routine_rotation
P00180-T02,P00180,U003,U010,2026-04-21,routine_rotation
P00180-T03,P00180,U001,U010,2025-05-20,operational_requirement
P00181-T01,P00181,U010,U010,2024-10-09,routine_rotation
P00181-T02,P00181,U007,U010,2025-04-26,routine_rotation
P00181-T03,P00181,U014,U010,2026-06-19,operational_requirement
P00182-T01,P00182,U016,U001,2026-04-16,routine_rotation
P00182-T02,P00182,U014,U001,2025-06-28,on_request
P00184-T01,P00184,U014,U013,2026-06-23,routine_rotation
P00184-T02,P00184,U012,U013,2025-12-24,routine_rotation
P00185-T01,P00185,U003,U003,2025-09-14,operational_requirement
P00188-T01,P00188,U015,U014,2025-09-17,routine_rotation
P00188-T02,P00188,U002,U014,2026-01-05,on_request
P00190-T01,P00190,U013,U014,2026-04-21,routine_rotation
P00191-T01,P00191,U010,U006,2026-07-15,routine_rotation
P00192-T01,P00192,U003,U002,2026-04-19,operational_requirement
P00195-T01,P00195,U009,U011,2024-12-22,routine_rotation
P00196-T01,P00196,U005,U016,2026-04-13,operational_requirement
P00196-T02,P00196,U006,U016,2025-08-26,routine_rotation
P00197-T01,P00197,U003,U008,2025-05-03,routine_rotation
P00201-T02,P00201,U015,U012,2025-06-20,on_request
P00201-T03,P00201,U013,U012,2026-05-22,routine_rotation
P00202-T01,P00202,U014,U007,2025-12-31,routine_rotation
P00202-T02,P00202,U014,U007,2025-10-24,operational_requirement
P00203-T01,P00203,U005,U004,2025-11-15,routine_rotation
P00203-T02,P00203,U008,U004,2025-10-10,routine_rotation
P00206-T01,P00206,U012,U002,2025-02-09,routine_rotation
P00206-T02,P00206,U013,U002,2024-12-27,routine_rotation
P00207-T01,P00207,U003,U009,2025-06-10,operational_requirement
P00209-T01,P00209,U014,U011,2024-11-07,routine_rotation
P00210-T01,P00210,U015,U010,2026-02-04,routine_rotation
P00210-T02,P00210,U009,U010,2026-05-20,routine_rotation
P00212-T01,P00212,U001,U002,2026-05-30,routine_rotation
P00214-T01,P00214,U014,U011,2026-01-09,operational_requirement
P00215-T01,P00215,U015,U001,2024-11-16,operational_requirement
P00216-T01,P00216,U009,U014,2026-04-07,routine_rotation
P00217-T01,P00217,U013,U006,2024-10-18,routine_rotation
P00219-T01,P00219,U008,U005,2024-09-13,operational_requirement
P00219-T02,P00219,U013,U005,2025-07-24,routine_rotation
P00220-T01,P00220,U010,U009,2025-10-05,operational_requirement
P00220-T02,P00220,U003,U009,2026-02-25,operational_requirement
P00221-T01,P00221,U004,U009,2026-03-06,routine_rotation
P00221-T02,P00221,U008,U009,2024-11-16,on_request
P00222-T01,P00222,U012,U004,2025-12-07,routine_rotation
P00223-T01,P00223,U012,U013,2026-03-06,routine_rotation
P00223-T02,P00223,U004,U013,2026-05-15,routine_rotation
P00225-T01,P00225,U005,U010,2025-05-10,routine_rotation
P00226-T01,P00226,U012,U002,2025-08-23,routine_rotation
P00228-T01,P00228,U015,U009,2026-07-17,operational_requirement
P00229-T01,P00229,U014,U011,2026-06-18,operational_requirement
P00230-T01,P00230,U003,U008,2026-03-30,operational_requirement
P00232-T01,P00232,U009,U005,2025-07-06,operational_requirement
P00233-T01,P00233,U010,U014,2025-11-12,operational_requirement
P00233-T02,P00233,U014,U014,2026-02-14,operational_requirement
P00234-T01,P00234,U005,U016,2025-11-09,routine_rotation
P00235-T01,P00235,U016,U009,2024-12-17,routine_rotation
P00236-T01,P00236,U008,U004,2025-07-16,operational_requirement
P00236-T02,P00236,U011,U004,2025-12-03,operational_requirement
P00237-T01,P00237,U004,U013,2025-04-23,operational_requirement
P00240-T01,P00240,U010,U001,2026-01-18,operational_requirement
P00240-T02,P00240,U005,U001,2026-05-29,operational_requirement
P00240-T03,P00240,U002,U001,2025-07-30,routine_rotation
P00240-T04,P00240,U014,U001,2025-04-27,operational_requirement
P00240-T05,P00240,U014,U001,2025-02-09,routine_rotation
P00241-T01,P00241,U002,U004,2026-05-07,routine_rotation
P00242-T01,P00242,U007,U015,2026-01-10,routine_rotation
P00244-T01,P00244,U014,U016,2025-09-25,on_request
P00245-T01,P00245,U011,U004,2025-01-13,routine_rotation
P00248-T01,P00248,U009,U015,2025-03-17,operational_requirement
P00248-T02,P00248,U015,U015,2025-01-15,routine_rotation
P00249-T01,P00249,U008,U006,2024-11-16,operational_requirement
P00251-T01,P00251,U002,U006,2025-07-02,routine_rotation
P00253-T01,P00253,U009,U002,2025-10-30,operational_requirement
P00253-T02,P00253,U005,U002,2026-04-05,routine_rotation
P00254-T01,P00254,U007,U015,2025-05-26,routine_rotation
P00254-T02,P00254,U009,U015,2026-05-07,operational_requirement
P00255-T01,P00255,U009,U011,2024-09-10,operational_requirement
P00255-T02,P00255,U002,U011,2025-04-21,routine_rotation
P00255-T03,P00255,U014,U011,2025-07-03,operational_requirement
P00256-T01,P00256,U008,U011,2026-05-13,routine_rotation
P00256-T02,P00256,U004,U011,2025-12-25,operational_requirement
P00257-T01,P00257,U012,U004,2024-10-15,operational_requirement
P00258-T01,P00258,U009,U013,2026-06-30,on_request
P00258-T02,P00258,U010,U013,2026-01-27,routine_rotation
P00259-T01,P00259,U010,U005,2024-11-12,routine_rotation
P00259-T02,P00259,U011,U005,2024-11-07,routine_rotation
P00260-T01,P00260,U015,U003,2025-01-27,operational_requirement
P00260-T02,P00260,U003,U003,2026-02-03,routine_rotation
P00261-T01,P00261,U001,U007,2025-01-24,operational_requirement
P00264-T01,P00264,U013,U003,2026-05-01,routine_rotation
P00265-T01,P00265,U016,U002,2025-11-28,routine_rotation
P00265-T02,P00265,U005,U002,2026-02-02,routine_rotation
P00266-T01,P00266,U001,U002,2025-10-14,routine_rotation
P00268-T01,P00268,U008,U010,2025-11-29,operational_requirement
P00268-T02,P00268,U003,U010,2025-08-25,routine_rotation
P00269-T01,P00269,U003,U007,2024-10-04,routine_rotation
P00269-T02,P00269,U005,U007,2025-02-16,routine_rotation
P00271-T01,P00271,U011,U012,2025-09-13,operational_requirement
P00272-T01,P00272,U010,U013,2025-10-20,routine_rotation
P00272-T02,P00272,U016,U013,2025-09-23,operational_requirement
P00273-T01,P00273,U001,U007,2026-07-16,routine_rotation
P00273-T02,P00273,U009,U007,2025-11-16,on_request
P00275-T01,P00275,U009,U007,2025-03-28,operational_requirement
P00276-T01,P00276,U001,U012,2025-09-19,operational_requirement
P00276-T02,P00276,U001,U012,2024-09-02,routine_rotation
P00277-T01,P00277,U010,U008,2025-08-08,routine_rotation
P00278-T01,P00278,U011,U014,2024-12-11,routine_rotation
P00280-T01,P00280,U014,U013,2024-10-26,routine_rotation
P00280-T02,P00280,U003,U013,2026-07-14,operational_requirement
P00281-T01,P00281,U005,U006,2025-10-14,routine_rotation
P00281-T02,P00281,U013,U006,2026-07-14,operational_requirement
P00281-T03,P00281,U012,U006,2026-06-18,routine_rotation
P00284-T01,P00284,U013,U011,2025-01-13,routine_rotation
P00284-T02,P00284,U004,U011,2025-05-12,operational_requirement
P00284-T03,P00284,U010,U011,2025-01-15,routine_rotation
P00285-T01,P00285,U008,U007,2024-09-11,operational_requirement
P00288-T01,P00288,U008,U006,2026-04-19,routine_rotation
P00288-T02,P00288,U013,U006,2025-11-27,routine_rotation
P00290-T01,P00290,U001,U002,2026-06-05,routine_rotation
P00291-T01,P00291,U013,U003,2025-03-25,operational_requirement
P00291-T02,P00291,U013,U003,2024-10-14,routine_rotation
P00293-T01,P00293,U007,U002,2026-02-01,routine_rotation
P00293-T02,P00293,U006,U002,2024-09-11,routine_rotation
P00295-T01,P00295,U005,U016,2026-01-20,on_request
P00295-T02,P00295,U012,U016,2026-06-05,operational_requirement
P00297-T01,P00297,U004,U012,2025-12-15,on_request
P00297-T02,P00297,U010,U012,2024-09-19,routine_rotation
P00297-T03,P00297,U007,U012,2025-03-31,operational_requirement
P00298-T01,P00298,U002,U012,2026-07-07,routine_rotation
P00299-T01,P00299,U011,U012,2026-05-13,routine_rotation
P00301-T01,P00301,U015,U013,2026-03-18,routine_rotation
P00301-T02,P00301,U011,U013,2025-11-27,routine_rotation
P00301-T03,P00301,U012,U013,2025-07-30,routine_rotation
P00301-T04,P00301,U001,U013,2026-01-31,routine_rotation
P00302-T01,P00302,U015,U007,2025-05-09,routine_rotation
P00302-T02,P00302,U013,U007,2025-03-25,routine_rotation
P00304-T01,P00304,U007,U013,2025-10-11,routine_rotation
P00304-T02,P00304,U012,U013,2026-03-07,routine_rotation
P00305-T01,P00305,U003,U014,2025-10-03,operational_requirement
P00305-T02,P00305,U004,U014,2026-06-11,operational_requirement
P00306-T01,P00306,U007,U004,2025-12-10,operational_requirement
P00307-T01,P00307,U004,U011,2026-01-21,on_request
P00307-T02,P00307,U008,U011,2025-06-02,routine_rotation
P00307-T03,P00307,U005,U011,2025-07-21,operational_requirement
P00308-T01,P00308,U014,U015,2025-12-04,on_request
P00309-T01,P00309,U009,U012,2025-06-25,routine_rotation
P00311-T01,P00311,U001,U012,2025-09-25,operational_requirement
P00311-T02,P00311,U010,U012,2025-07-20,operational_requirement
P00314-T01,P00314,U004,U013,2025-09-25,routine_rotation
P00315-T01,P00315,U002,U015,2025-12-25,operational_requirement
P00317-T01,P00317,U006,U011,2025-10-04,routine_rotation
P00318-T01,P00318,U014,U004,2025-11-13,on_request
P00318-T02,P00318,U014,U004,2026-02-11,operational_requirement
P00319-T01,P00319,U016,U012,2025-05-11,on_request
P00320-T01,P00320,U014,U014,2025-06-19,routine_rotation
P00321-T01,P00321,U013,U004,2025-01-06,routine_rotation
P00323-T01,P00323,U011,U011,2025-04-04,operational_requirement
P00325-T01,P00325,U003,U003,2026-05-25,operational_requirement
P00326-T01,P00326,U008,U012,2025-12-28,operational_requirement
P00327-T01,P00327,U005,U013,2025-06-06,routine_rotation
P00327-T02,P00327,U012,U013,2025-07-02,routine_rotation
P00329-T01,P00329,U006,U013,2025-12-02,operational_requirement
P00329-T02,P00329,U014,U013,2025-08-15,routine_rotation
P00331-T01,P00331,U010,U004,2025-07-16,routine_rotation
P00331-T02,P00331,U013,U004,2025-12-11,routine_rotation
P00333-T01,P00333,U010,U010,2026-05-21,operational_requirement
P00334-T01,P00334,U013,U007,2025-07-28,operational_requirement
P00334-T02,P00334,U008,U007,2026-07-11,operational_requirement
P00334-T03,P00334,U007,U007,2025-08-26,on_request
P00336-T01,P00336,U004,U003,2026-06-06,routine_rotation
P00338-T01,P00338,U006,U016,2025-05-03,routine_rotation
P00340-T01,P00340,U009,U003,2025-06-10,routine_rotation
P00341-T01,P00341,U015,U001,2025-03-16,on_request
P00347-T01,P00347,U012,U014,2025-11-12,routine_rotation
P00349-T01,P00349,U012,U006,2024-09-13,operational_requirement
P00350-T01,P00350,U015,U016,2026-06-15,routine_rotation
P00350-T02,P00350,U002,U016,2025-12-21,routine_rotation
P00350-T03,P00350,U003,U016,2025-07-20,routine_rotation
P00350-T04,P00350,U005,U016,2025-10-19,routine_rotation
P00350-T05,P00350,U011,U016,2026-02-14,routine_rotation
P00354-T01,P00354,U011,U006,2025-05-12,operational_requirement
P00354-T02,P00354,U001,U006,2025-05-08,routine_rotation
P00355-T01,P00355,U013,U015,2026-03-26,operational_requirement
P00355-T02,P00355,U009,U015,2026-05-11,operational_requirement
P00356-T01,P00356,U015,U003,2025-07-12,operational_requirement
P00357-T01,P00357,U010,U001,2025-12-05,operational_requirement
P00357-T02,P00357,U005,U001,2026-05-04,operational_requirement
P00358-T01,P00358,U009,U001,2024-10-21,routine_rotation
P00359-T01,P00359,U013,U004,2026-04-27,operational_requirement
P00362-T01,P00362,U008,U009,2025-02-05,on_request
P00366-T01,P00366,U001,U001,2024-10-29,routine_rotation
P00367-T01,P00367,U010,U002,2025-08-09,operational_requirement
P00368-T01,P00368,U014,U006,2025-07-23,operational_requirement
P00368-T02,P00368,U002,U006,2025-07-29,on_request
P00372-T01,P00372,U009,U016,2026-05-27,routine_rotation
P00373-T01,P00373,U015,U005,2025-01-08,on_request
P00374-T01,P00374,U001,U015,2025-06-23,operational_requirement
P00374-T02,P00374,U002,U015,2025-08-31,routine_rotation
P00374-T03,P00374,U002,U015,2026-03-27,routine_rotation
P00374-T04,P00374,U015,U015,2024-09-10,routine_rotation
P00375-T01,P00375,U012,U006,2025-02-06,routine_rotation
P00375-T02,P00375,U004,U006,2025-06-05,operational_requirement
P00375-T03,P00375,U011,U006,2025-04-05,on_request
P00376-T01,P00376,U010,U010,2024-12-07,routine_rotation
P00377-T01,P00377,U010,U015,2025-09-29,on_request
P00380-T01,P00380,U001,U012,2025-02-19,routine_rotation
P00381-T01,P00381,U010,U011,2025-07-24,operational_requirement
P00381-T02,P00381,U013,U011,2024-12-14,routine_rotation
P00381-T03,P00381,U006,U011,2024-09-28,operational_requirement
P00382-T01,P00382,U008,U014,2025-12-06,operational_requirement
P00383-T01,P00383,U003,U013,2025-05-12,routine_rotation
P00383-T02,P00383,U015,U013,2025-05-28,routine_rotation
P00383-T03,P00383,U006,U013,2025-12-16,routine_rotation
P00383-T04,P00383,U006,U013,2024-10-29,routine_rotation
P00384-T01,P00384,U007,U001,2025-10-13,routine_rotation
P00384-T02,P00384,U015,U001,2026-02-12,operational_requirement
P00386-T01,P00386,U016,U006,2025-05-24,routine_rotation
P00387-T01,P00387,U008,U010,2026-01-06,routine_rotation
P00388-T01,P00388,U014,U002,2026-01-27,operational_requirement
P00390-T01,P00390,U007,U015,2025-01-26,operational_requirement
P00393-T01,P00393,U007,U012,2024-09-11,on_request
P00393-T02,P00393,U008,U012,2026-05-25,routine_rotation
P00395-T01,P00395,U009,U001,2025-06-26,operational_requirement
P00396-T01,P00396,U012,U002,2026-01-08,routine_rotation
P00397-T01,P00397,U001,U004,2025-07-05,routine_rotation
P00397-T02,P00397,U013,U004,2025-05-01,routine_rotation
P00399-T01,P00399,U013,U010,2026-04-11,routine_rotation
P00399-T02,P00399,U012,U010,2025-07-26,operational_requirement
P00399-T03,P00399,U001,U010,2026-02-06,routine_rotation
P00400-T01,P00400,U014,U015,2025-01-14,operational_requirement
P00400-T02,P00400,U003,U015,2026-05-15,routine_rotation
P00401-T01,P00401,U002,U005,2026-01-23,routine_rotation
P00403-T01,P00403,U002,U010,2025-01-31,routine_rotation
P00403-T02,P00403,U001,U010,2026-03-11,routine_rotation
P00403-T03,P00403,U013,U010,2026-01-18,operational_requirement
P00403-T04,P00403,U011,U010,2026-03-24,routine_rotation
P00403-T05,P00403,U003,U010,2026-03-12,routine_rotation
P00404-T01,P00404,U005,U011,2026-07-26,on_request
P00404-T02,P00404,U006,U011,2026-07-02,operational_requirement
P00405-T01,P00405,U005,U009,2025-06-21,operational_requirement
P00405-T02,P00405,U010,U009,2026-06-08,routine_rotation
P00405-T03,P00405,U011,U009,2025-12-28,routine_rotation
P00406-T01,P00406,U012,U002,2025-07-09,operational_requirement
P00406-T02,P00406,U016,U002,2024-10-16,operational_requirement
P00407-T01,P00407,U014,U010,2026-05-06,routine_rotation
P00408-T01,P00408,U010,U013,2025-08-23,routine_rotation
P00409-T01,P00409,U002,U008,2025-10-19,routine_rotation
P00413-T01,P00413,U009,U013,2026-05-22,operational_requirement
P00416-T01,P00416,U007,U007,2025-01-02,routine_rotation
P00417-T01,P00417,U005,U016,2024-10-18,on_request
P00417-T02,P00417,U013,U016,2024-12-05,routine_rotation
P00419-T01,P00419,U002,U012,2025-09-24,routine_rotation
P00420-T01,P00420,U015,U004,2026-01-16,routine_rotation
P00420-T02,P00420,U003,U004,2025-09-08,operational_requirement
P00422-T01,P00422,U007,U003,2025-05-22,operational_requirement
P00422-T02,P00422,U010,U003,2024-12-12,operational_requirement
P00423-T01,P00423,U006,U010,2026-02-02,operational_requirement
P00423-T02,P00423,U008,U010,2026-05-29,operational_requirement
P00424-T01,P00424,U016,U007,2026-01-27,on_request
P00425-T01,P00425,U016,U002,2025-06-01,operational_requirement
P00425-T02,P00425,U008,U002,2025-08-10,routine_rotation
P00427-T01,P00427,U004,U015,2025-03-29,on_request
P00428-T01,P00428,U009,U009,2026-05-03,routine_rotation
P00429-T01,P00429,U003,U015,2026-02-13,on_request
P00430-T01,P00430,U008,U006,2024-10-29,operational_requirement
P00430-T02,P00430,U010,U006,2025-11-02,routine_rotation
P00431-T01,P00431,U003,U007,2025-04-07,routine_rotation
P00432-T01,P00432,U011,U001,2024-12-23,operational_requirement
P00433-T01,P00433,U004,U006,2024-12-17,operational_requirement
P00434-T01,P00434,U011,U008,2026-02-11,routine_rotation
P00435-T01,P00435,U016,U010,2025-09-10,operational_requirement
P00436-T01,P00436,U003,U005,2025-04-12,operational_requirement
P00436-T02,P00436,U011,U005,2025-03-23,routine_rotation
P00440-T01,P00440,U002,U006,2026-04-17,routine_rotation
P00441-T01,P00441,U013,U004,2025-09-19,routine_rotation
P00442-T01,P00442,U001,U007,2025-04-01,operational_requirement
P00442-T02,P00442,U008,U007,2025-04-02,operational_requirement
P00443-T01,P00443,U016,U009,2025-11-18,on_request
P00443-T02,P00443,U007,U009,2026-03-27,routine_rotation
P00444-T01,P00444,U009,U010,2026-07-07,routine_rotation
P00445-T01,P00445,U013,U005,2026-02-17,routine_rotation
P00445-T02,P00445,U009,U005,2025-04-01,routine_rotation
P00445-T03,P00445,U014,U005,2026-07-06,routine_rotation
P00446-T01,P00446,U015,U001,2025-12-31,routine_rotation
P00446-T02,P00446,U010,U001,2025-04-25,routine_rotation
P00447-T01,P00447,U014,U011,2024-12-18,operational_requirement
P00447-T02,P00447,U013,U011,2024-09-14,operational_requirement
P00448-T01,P00448,U002,U004,2025-08-31,routine_rotation
P00449-T01,P00449,U015,U001,2025-03-06,operational_requirement
P00449-T02,P00449,U007,U001,2026-02-12,routine_rotation
P00450-T01,P00450,U003,U001,2025-09-25,operational_requirement
P00452-T01,P00452,U008,U003,2024-10-21,routine_rotation
P00453-T01,P00453,U007,U003,2026-06-03,routine_rotation
P00454-T01,P00454,U014,U003,2025-11-04,operational_requirement
P00454-T02,P00454,U004,U003,2026-06-03,routine_rotation
P00455-T01,P00455,U014,U016,2025-08-10,operational_requirement
P00455-T02,P00455,U016,U016,2025-09-26,routine_rotation
P00455-T03,P00455,U014,U016,2025-03-03,routine_rotation
P00456-T01,P00456,U010,U014,2024-11-18,routine_rotation
P00458-T01,P00458,U012,U008,2026-03-02,routine_rotation
P00458-T02,P00458,U013,U008,2026-02-04,operational_requirement
P00459-T01,P00459,U004,U015,2025-11-22,operational_requirement
P00459-T02,P00459,U013,U015,2026-01-04,routine_rotation
P00459-T03,P00459,U013,U015,2025-07-19,on_request
P00460-T01,P00460,U002,U015,2025-02-11,on_request
P00460-T02,P00460,U011,U015,2026-06-20,operational_requirement
P00463-T01,P00463,U002,U005,2024-12-04,routine_rotation
P00463-T02,P00463,U004,U005,2024-12-07,operational_requirement
P00464-T01,P00464,U013,U008,2026-05-25,operational_requirement
P00465-T01,P00465,U001,U016,2026-03-21,operational_requirement
P00465-T02,P00465,U015,U016,2025-08-14,routine_rotation
P00465-T03,P00465,U007,U016,2025-04-14,operational_requirement
P00465-T04,P00465,U004,U016,2026-07-11,routine_rotation
P00466-T01,P00466,U002,U016,2026-02-01,routine_rotation
P00466-T02,P00466,U011,U016,2025-02-14,operational_requirement
P00467-T01,P00467,U008,U004,2025-07-27,routine_rotation
P00468-T01,P00468,U011,U011,2025-08-01,routine_rotation
P00469-T01,P00469,U010,U010,2026-07-18,routine_rotation
P00469-T02,P00469,U002,U010,2024-10-31,routine_rotation
P00470-T01,P00470,U016,U013,2025-09-23,operational_requirement
P00471-T01,P00471,U010,U004,2025-05-31,routine_rotation
P00472-T01,P00472,U003,U004,2025-11-23,routine_rotation
P00473-T01,P00473,U002,U011,2026-03-03,on_request
P00473-T02,P00473,U015,U011,2024-10-05,routine_rotation
P00474-T01,P00474,U015,U015,2025-01-30,routine_rotation
P00474-T02,P00474,U011,U015,2025-03-23,routine_rotation
P00474-T03,P00474,U008,U015,2026-06-10,routine_rotation
P00475-T01,P00475,U012,U005,2026-06-24,routine_rotation
P00475-T02,P00475,U014,U005,2026-03-27,routine_rotation
P00475-T03,P00475,U004,U005,2025-01-31,on_request
P00476-T01,P00476,U012,U009,2026-01-17,routine_rotation
P00477-T01,P00477,U007,U002,2025-08-02,on_request
P00478-T01,P00478,U010,U003,2024-12-31,operational_requirement
P00479-T01,P00479,U004,U014,2026-07-11,routine_rotation
P00479-T02,P00479,U012,U014,2025-12-21,routine_rotation
P00480-T01,P00480,U005,U002,2024-09-04,routine_rotation
P00481-T01,P00481,U014,U004,2025-01-12,routine_rotation
P00481-T02,P00481,U015,U004,2026-01-20,routine_rotation
P00481-T03,P00481,U003,U004,2025-02-08,routine_rotation
P00482-T01,P00482,U004,U001,2025-03-05,operational_requirement
P00482-T02,P00482,U003,U001,2025-10-04,routine_rotation
P00484-T01,P00484,U013,U013,2026-04-09,operational_requirement
P00484-T02,P00484,U016,U013,2024-10-29,on_request
P00487-T01,P00487,U008,U011,2025-01-20,routine_rotation
P00487-T02,P00487,U016,U011,2026-05-18,routine_rotation
P00487-T03,P00487,U004,U011,2025-03-05,routine_rotation
P00487-T04,P00487,U001,U011,2024-11-11,routine_rotation
P00488-T01,P00488,U008,U008,2026-03-06,on_request
P00490-T01,P00490,U002,U012,2024-12-17,operational_requirement
P00490-T02,P00490,U001,U012,2026-04-09,routine_rotation
P00492-T01,P00492,U006,U003,2026-01-21,routine_rotation
P00493-T01,P00493,U015,U005,2025-08-16,on_request
P00493-T02,P00493,U007,U005,2026-07-06,routine_rotation
P00493-T03,P00493,U008,U005,2025-02-27,routine_rotation
P00495-T01,P00495,U009,U015,2026-05-25,operational_requirement
P00495-T02,P00495,U008,U015,2025-11-10,routine_rotation
P00496-T01,P00496,U015,U001,2025-03-18,operational_requirement
P00496-T02,P00496,U002,U001,2024-12-02,operational_requirement
P00497-T01,P00497,U004,U008,2025-06-07,routine_rotation
P00497-T02,P00497,U003,U008,2026-03-05,routine_rotation
P00500-T01,P00500,U005,U007,2024-12-13,routine_rotation
P00501-T01,P00501,U013,U012,2025-02-25,operational_requirement
P00502-T01,P00502,U011,U010,2026-07-10,on_request
P00502-T02,P00502,U016,U010,2025-07-19,routine_rotation
P00502-T03,P00502,U005,U010,2024-11-05,routine_rotation
P00503-T01,P00503,U011,U005,2026-04-23,operational_requirement
P00503-T02,P00503,U002,U005,2025-03-02,routine_rotation
P00504-T01,P00504,U014,U013,2026-07-24,operational_requirement
P00504-T02,P00504,U011,U013,2025-03-25,routine_rotation
P00505-T01,P00505,U014,U002,2026-01-13,routine_rotation
P00507-T01,P00507,U007,U012,2025-12-10,routine_rotation
P00507-T02,P00507,U012,U012,2025-10-13,operational_requirement
P00508-T01,P00508,U005,U009,2025-11-18,routine_rotation
P00508-T02,P00508,U007,U009,2025-06-25,operational_requirement
P00512-T01,P00512,U009,U002,2024-09-13,operational_requirement
P00513-T01,P00513,U006,U012,2025-08-20,operational_requirement
P00513-T02,P00513,U008,U012,2025-12-08,routine_rotation
P00513-T03,P00513,U010,U012,2024-11-25,operational_requirement
P00514-T01,P00514,U012,U012,2026-05-05,routine_rotation
P00516-T01,P00516,U011,U015,2025-11-14,routine_rotation
P00520-T01,P00520,U004,U009,2025-06-14,routine_rotation
P00521-T01,P00521,U001,U014,2025-01-30,routine_rotation
P00523-T01,P00523,U002,U012,2026-07-20,routine_rotation
P00524-T01,P00524,U007,U009,2025-05-12,routine_rotation
P00524-T02,P00524,U014,U009,2025-01-10,routine_rotation
P00526-T01,P00526,U009,U016,2025-07-23,on_request
P00527-T01,P00527,U008,U005,2025-12-07,operational_requirement
P00529-T01,P00529,U003,U015,2025-10-19,routine_rotation
P00529-T02,P00529,U012,U015,2024-11-29,on_request
P00529-T03,P00529,U005,U015,2025-09-18,routine_rotation
P00530-T01,P00530,U012,U010,2024-12-07,on_request
P00531-T01,P00531,U014,U014,2025-03-08,on_request
P00532-T01,P00532,U002,U006,2026-04-10,operational_requirement
P00532-T02,P00532,U010,U006,2025-10-02,operational_requirement
P00534-T01,P00534,U005,U008,2025-02-28,routine_rotation
P00534-T02,P00534,U003,U008,2025-04-17,routine_rotation
P00535-T01,P00535,U015,U009,2025-10-08,operational_requirement
P00535-T02,P00535,U010,U009,2025-09-06,routine_rotation
P00536-T01,P00536,U013,U015,2025-05-13,on_request
P00536-T02,P00536,U009,U015,2024-11-18,routine_rotation
P00537-T01,P00537,U011,U013,2025-02-27,routine_rotation
P00538-T01,P00538,U006,U007,2025-06-17,routine_rotation
P00539-T01,P00539,U015,U008,2026-05-08,operational_requirement
P00540-T01,P00540,U014,U005,2024-10-08,operational_requirement
P00540-T02,P00540,U014,U005,2024-12-02,operational_requirement
P00540-T03,P00540,U007,U005,2025-02-23,routine_rotation
P00542-T02,P00542,U004,U002,2025-09-10,operational_requirement
P00544-T01,P00544,U014,U014,2026-02-14,on_request
P00544-T02,P00544,U008,U014,2025-07-04,routine_rotation
P00546-T03,P00546,U004,U008,2025-12-18,routine_rotation
P00547-T01,P00547,U007,U012,2026-02-08,operational_requirement
P00547-T02,P00547,U010,U012,2025-06-18,routine_rotation
P00547-T03,P00547,U013,U012,2026-03-02,routine_rotation
P00550-T01,P00550,U012,U008,2025-05-13,on_request
P00550-T02,P00550,U005,U008,2026-01-06,routine_rotation
P00551-T01,P00551,U006,U015,2024-09-20,routine_rotation
P00551-T02,P00551,U006,U015,2025-06-19,operational_requirement
P00552-T01,P00552,U012,U014,2024-11-29,routine_rotation
P00554-T01,P00554,U011,U003,2024-11-11,routine_rotation
P00555-T01,P00555,U011,U015,2026-01-27,operational_requirement
P00557-T01,P00557,U016,U009,2025-03-21,routine_rotation
P00558-T01,P00558,U016,U006,2026-02-26,operational_requirement
P00559-T01,P00559,U012,U006,2025-12-31,routine_rotation
P00559-T02,P00559,U006,U006,2024-12-21,routine_rotation
P00560-T01,P00560,U008,U008,2026-07-17,routine_rotation
P00560-T02,P00560,U002,U008,2025-06-03,operational_requirement
P00561-T01,P00561,U007,U002,2026-06-24,operational_requirement
P00561-T02,P00561,U015,U002,2026-03-30,operational_requirement
P00562-T01,P00562,U007,U007,2024-10-19,routine_rotation
P00563-T01,P00563,U014,U009,2025-10-10,operational_requirement
P00563-T02,P00563,U008,U009,2025-10-11,routine_rotation
P00564-T01,P00564,U011,U015,2026-03-07,operational_requirement
P00564-T02,P00564,U010,U015,2025-11-05,routine_rotation
P00565-T01,P00565,U001,U016,2025-03-12,routine_rotation
P00565-T02,P00565,U009,U016,2025-09-14,routine_rotation
P00566-T01,P00566,U001,U010,2026-07-28,operational_requirement
P00567-T01,P00567,U004,U006,2026-05-24,operational_requirement
P00568-T01,P00568,U016,U011,2025-06-09,on_request
P00568-T02,P00568,U002,U011,2025-12-23,routine_rotation
P00571-T01,P00571,U008,U015,2025-08-15,routine_rotation
P00572-T01,P00572,U015,U002,2025-09-10,operational_requirement
P00573-T01,P00573,U003,U011,2025-07-04,routine_rotation
P00575-T01,P00575,U012,U012,2025-10-10,operational_requirement
P00577-T02,P00577,U016,U015,2025-08-21,routine_rotation
P00577-T03,P00577,U002,U015,2026-04-20,routine_rotation
P00577-T04,P00577,U005,U015,2026-07-29,routine_rotation
P00578-T01,P00578,U001,U011,2025-02-26,routine_rotation
P00579-T01,P00579,U004,U014,2024-12-01,routine_rotation
P00580-T01,P00580,U012,U012,2025-07-05,routine_rotation
P00583-T01,P00583,U010,U001,2025-07-17,routine_rotation
P00584-T01,P00584,U010,U008,2025-10-06,operational_requirement
P00585-T01,P00585,U004,U016,2026-01-17,routine_rotation
P00586-T01,P00586,U011,U010,2026-05-07,on_request
P00586-T02,P00586,U007,U010,2026-01-14,routine_rotation
P00587-T01,P00587,U004,U003,2026-04-06,operational_requirement
P00588-T01,P00588,U012,U006,2025-04-23,routine_rotation
P00588-T02,P00588,U015,U006,2026-06-23,routine_rotation
P00588-T03,P00588,U015,U006,2026-05-28,routine_rotation
P00588-T04,P00588,U001,U006,2026-06-02,routine_rotation
P00588-T05,P00588,U011,U006,2024-12-12,routine_rotation
P00589-T01,P00589,U014,U004,2024-11-27,routine_rotation
P00590-T01,P00590,U002,U013,2026-04-03,operational_requirement
P00595-T01,P00595,U010,U004,2026-03-08,operational_requirement
P00596-T01,P00596,U006,U009,2025-08-09,operational_requirement
P00596-T02,P00596,U001,U009,2025-01-04,routine_rotation
P00596-T03,P00596,U013,U009,2024-11-27,operational_requirement
P00597-T01,P00597,U005,U014,2026-05-28,operational_requirement
P00598-T01,P00598,U015,U001,2026-07-16,routine_rotation
P00600-T01,P00600,U009,U009,2024-12-03,routine_rotation
P00600-T02,P00600,U015,U009,2026-01-03,routine_rotation
P00603-T01,P00603,U009,U013,2025-12-08,routine_rotation
P00603-T02,P00603,U013,U013,2025-09-07,routine_rotation
P00604-T01,P00604,U001,U006,2024-12-15,operational_requirement
P00605-T01,P00605,U016,U005,2025-09-30,routine_rotation
P00605-T02,P00605,U004,U005,2024-12-02,operational_requirement
P00606-T01,P00606,U014,U014,2025-12-20,routine_rotation
P00607-T01,P00607,U013,U005,2025-10-16,routine_rotation
P00610-T01,P00610,U012,U009,2024-11-18,on_request
P00614-T01,P00614,U006,U006,2025-09-19,routine_rotation
P00614-T02,P00614,U010,U006,2026-07-04,routine_rotation
P00615-T01,P00615,U012,U001,2024-10-04,routine_rotation
P00616-T01,P00616,U008,U006,2025-02-04,routine_rotation
P00616-T02,P00616,U005,U006,2024-09-18,routine_rotation
P00618-T01,P00618,U007,U008,2025-01-09,routine_rotation
P00618-T02,P00618,U004,U008,2025-11-15,routine_rotation
P00620-T01,P00620,U015,U002,2025-11-02,routine_rotation
P00620-T02,P00620,U015,U002,2024-12-16,on_request
P00621-T01,P00621,U011,U001,2025-06-03,routine_rotation
P00623-T01,P00623,U010,U008,2025-12-22,routine_rotation
P00624-T01,P00624,U002,U001,2025-12-18,routine_rotation
P00624-T02,P00624,U007,U001,2025-04-30,on_request
P00625-T01,P00625,U010,U002,2024-11-30,operational_requirement
P00627-T01,P00627,U014,U010,2025-11-10,routine_rotation
P00627-T02,P00627,U016,U010,2026-06-24,routine_rotation
P00628-T01,P00628,U010,U008,2026-03-22,operational_requirement
P00628-T02,P00628,U007,U008,2026-05-24,operational_requirement
P00630-T01,P00630,U011,U003,2025-09-03,routine_rotation
P00630-T02,P00630,U015,U003,2025-09-09,routine_rotation
P00630-T03,P00630,U015,U003,2025-08-11,routine_rotation
P00633-T01,P00633,U010,U001,2025-02-05,on_request
P00633-T02,P00633,U005,U001,2025-04-19,routine_rotation
P00634-T01,P00634,U013,U009,2026-01-17,routine_rotation
P00635-T01,P00635,U009,U012,2024-10-31,routine_rotation
P00637-T01,P00637,U003,U008,2025-09-04,operational_requirement
P00638-T01,P00638,U014,U007,2026-07-12,routine_rotation
P00639-T01,P00639,U012,U012,2026-02-14,routine_rotation
P00643-T01,P00643,U002,U015,2026-03-05,routine_rotation
P00644-T01,P00644,U008,U003,2025-04-19,routine_rotation
P00645-T01,P00645,U002,U005,2025-11-23,routine_rotation
P00645-T02,P00645,U005,U005,2026-04-14,routine_rotation
P00645-T03,P00645,U014,U005,2024-09-13,routine_rotation
P00646-T01,P00646,U011,U014,2026-05-20,routine_rotation
P00647-T01,P00647,U012,U003,2026-07-15,routine_rotation
P00649-T01,P00649,U010,U013,2025-10-18,routine_rotation
P00649-T02,P00649,U001,U013,2025-09-22,operational_requirement
P00649-T03,P00649,U002,U013,2024-12-31,operational_requirement
P00650-T01,P00650,U008,U009,2026-04-20,routine_rotation
P00650-T02,P00650,U003,U009,2026-06-10,routine_rotation
P00651-T01,P00651,U009,U002,2025-12-23,operational_requirement
P00652-T01,P00652,U007,U003,2025-10-01,operational_requirement
P00652-T02,P00652,U009,U003,2025-02-20,routine_rotation
P00654-T01,P00654,U006,U001,2025-03-10,routine_rotation
P00654-T02,P00654,U014,U001,2025-02-03,operational_requirement
P00655-T01,P00655,U005,U014,2025-06-10,operational_requirement
P00658-T01,P00658,U014,U011,2025-08-06,operational_requirement
P00659-T01,P00659,U012,U007,2026-02-15,operational_requirement
P00662-T01,P00662,U009,U016,2025-09-08,routine_rotation
P00663-T01,P00663,U005,U002,2026-06-30,on_request
P00664-T01,P00664,U011,U004,2026-07-12,operational_requirement
P00665-T01,P00665,U004,U002,2026-05-09,operational_requirement
P00665-T02,P00665,U001,U002,2024-12-09,routine_rotation
P00665-T03,P00665,U007,U002,2025-06-18,operational_requirement
P00668-T01,P00668,U004,U007,2024-09-25,routine_rotation
P00668-T02,P00668,U009,U007,2025-01-15,routine_rotation
P00670-T01,P00670,U010,U014,2026-01-23,on_request
P00671-T01,P00671,U013,U004,2025-05-16,routine_rotation
P00671-T02,P00671,U005,U004,2026-04-05,operational_requirement
P00672-T01,P00672,U010,U008,2025-08-13,routine_rotation
P00672-T02,P00672,U013,U008,2026-05-06,operational_requirement
P00674-T01,P00674,U014,U009,2025-08-13,routine_rotation
P00674-T02,P00674,U012,U009,2026-01-01,routine_rotation
P00676-T01,P00676,U015,U010,2024-09-15,operational_requirement
P00680-T01,P00680,U006,U016,2025-10-30,routine_rotation
P00681-T01,P00681,U010,U004,2025-04-05,routine_rotation
P00682-T01,P00682,U002,U010,2024-11-24,operational_requirement
P00682-T02,P00682,U013,U010,2026-06-29,operational_requirement
P00684-T01,P00684,U013,U010,2026-05-04,routine_rotation
P00685-T01,P00685,U009,U003,2025-08-08,on_request
P00686-T01,P00686,U008,U016,2025-12-16,on_request
P00687-T01,P00687,U014,U005,2026-02-05,operational_requirement
P00689-T01,P00689,U016,U006,2025-03-30,operational_requirement
P00690-T01,P00690,U001,U015,2025-12-10,operational_requirement
P00690-T02,P00690,U011,U015,2025-03-13,routine_rotation
P00692-T01,P00692,U006,U007,2026-07-12,routine_rotation
P00693-T01,P00693,U009,U013,2026-05-19,routine_rotation
P00693-T02,P00693,U011,U013,2026-01-10,routine_rotation
P00694-T01,P00694,U008,U009,2026-05-12,operational_requirement
P00694-T02,P00694,U011,U009,2025-05-22,operational_requirement
P00696-T01,P00696,U001,U007,2024-10-09,routine_rotation
P00697-T01,P00697,U002,U004,2025-04-17,on_request
P00698-T01,P00698,U011,U003,2024-09-24,routine_rotation
P00700-T01,P00700,U013,U003,2025-09-08,routine_rotation
P00701-T01,P00701,U016,U012,2024-12-21,operational_requirement
P00703-T01,P00703,U004,U014,2025-04-12,routine_rotation
P00705-T01,P00705,U001,U003,2024-09-13,operational_requirement
P00705-T02,P00705,U009,U003,2024-09-22,routine_rotation
P00705-T03,P00705,U012,U003,2024-10-06,operational_requirement
P00705-T04,P00705,U009,U003,2025-05-23,routine_rotation
P00706-T01,P00706,U008,U010,2025-08-18,operational_requirement
P00707-T01,P00707,U009,U002,2025-09-30,routine_rotation
P00707-T02,P00707,U008,U002,2024-09-03,operational_requirement
P00708-T01,P00708,U002,U004,2026-02-05,operational_requirement
P00708-T02,P00708,U011,U004,2025-04-30,routine_rotation
P00710-T01,P00710,U002,U003,2024-11-28,on_request
P00712-T01,P00712,U015,U015,2025-09-22,operational_requirement
P00712-T02,P00712,U012,U015,2025-09-09,routine_rotation
P00713-T01,P00713,U009,U008,2025-10-02,routine_rotation
P00713-T02,P00713,U015,U008,2024-12-23,routine_rotation
P00716-T01,P00716,U004,U007,2025-12-24,routine_rotation
P00717-T01,P00717,U009,U010,2026-05-26,routine_rotation
P00717-T02,P00717,U010,U010,2026-01-19,on_request
P00720-T01,P00720,U004,U009,2025-11-27,operational_requirement
P00721-T01,P00721,U009,U010,2025-08-24,operational_requirement
P00721-T02,P00721,U004,U010,2026-03-10,on_request
P00721-T03,P00721,U012,U010,2024-12-16,operational_requirement
P00724-T01,P00724,U005,U011,2025-09-16,operational_requirement
P00724-T02,P00724,U009,U011,2025-03-24,operational_requirement
P00724-T03,P00724,U016,U011,2025-03-31,operational_requirement
P00727-T01,P00727,U008,U006,2025-07-19,operational_requirement
P00727-T02,P00727,U008,U006,2025-12-12,operational_requirement
P00727-T03,P00727,U001,U006,2025-07-31,routine_rotation
P00728-T01,P00728,U002,U015,2025-07-13,operational_requirement
P00728-T02,P00728,U003,U015,2025-12-07,on_request
P00730-T01,P00730,U008,U009,2025-01-02,operational_requirement
P00730-T02,P00730,U004,U009,2025-07-27,routine_rotation
P00730-T03,P00730,U011,U009,2024-11-06,routine_rotation
P00730-T04,P00730,U013,U009,2026-03-06,routine_rotation
P00732-T01,P00732,U016,U009,2025-07-23,routine_rotation
P00732-T02,P00732,U011,U009,2025-09-13,operational_requirement
P00734-T01,P00734,U011,U006,2025-09-05,operational_requirement
P00734-T02,P00734,U016,U006,2026-03-12,routine_rotation
P00734-T03,P00734,U011,U006,2025-03-03,routine_rotation
P00736-T01,P00736,U014,U002,2025-12-26,operational_requirement
P00736-T02,P00736,U009,U002,2026-02-24,routine_rotation
P00737-T01,P00737,U013,U009,2025-07-30,routine_rotation
P00737-T02,P00737,U001,U009,2026-05-13,routine_rotation
P00737-T03,P00737,U015,U009,2026-03-11,routine_rotation
P00737-T04,P00737,U010,U009,2024-11-05,routine_rotation
P00738-T01,P00738,U014,U001,2025-03-03,routine_rotation
P00739-T01,P00739,U012,U014,2025-07-17,routine_rotation
P00740-T01,P00740,U007,U007,2025-03-09,routine_rotation
P00743-T01,P00743,U009,U016,2025-04-17,routine_rotation
P00743-T02,P00743,U009,U016,2026-04-28,operational_requirement
P00744-T01,P00744,U007,U015,2025-09-11,routine_rotation
P00745-T01,P00745,U014,U001,2025-10-29,operational_requirement
P00746-T01,P00746,U005,U015,2025-11-29,routine_rotation
P00747-T01,P00747,U013,U007,2026-02-20,operational_requirement
P00748-T01,P00748,U009,U006,2025-08-21,routine_rotation
P00748-T02,P00748,U003,U006,2026-02-06,operational_requirement
P00749-T01,P00749,U001,U007,2026-04-07,operational_requirement
P00751-T01,P00751,U010,U007,2026-07-30,operational_requirement
P00752-T01,P00752,U001,U014,2025-03-18,routine_rotation
P00753-T01,P00753,U002,U006,2025-02-25,routine_rotation
P00754-T01,P00754,U007,U015,2025-03-03,routine_rotation
P00754-T02,P00754,U004,U015,2026-01-02,operational_requirement
P00754-T03,P00754,U014,U015,2026-03-11,routine_rotation
P00755-T01,P00755,U014,U006,2026-02-03,on_request
P00756-T01,P00756,U015,U001,2025-07-27,routine_rotation
P00756-T02,P00756,U016,U001,2025-07-14,routine_rotation
P00758-T01,P00758,U003,U016,2025-10-28,routine_rotation
P00759-T01,P00759,U007,U015,2025-01-14,operational_requirement
P00759-T02,P00759,U014,U015,2025-04-10,routine_rotation
P00760-T01,P00760,U015,U012,2025-04-06,on_request
P00760-T02,P00760,U002,U012,2026-06-05,routine_rotation
P00760-T03,P00760,U015,U012,2025-09-01,operational_requirement
P00760-T04,P00760,U013,U012,2025-03-16,operational_requirement
P00764-T01,P00764,U016,U010,2024-12-06,routine_rotation
P00767-T01,P00767,U008,U007,2025-03-27,routine_rotation
P00768-T01,P00768,U003,U002,2026-05-07,on_request
P00768-T02,P00768,U009,U002,2026-03-10,operational_requirement
P00768-T03,P00768,U012,U002,2025-01-26,routine_rotation
P00769-T01,P00769,U015,U001,2024-11-22,routine_rotation
P00770-T01,P00770,U008,U005,2025-02-12,routine_rotation
P00772-T01,P00772,U016,U015,2025-12-11,routine_rotation
P00773-T01,P00773,U006,U008,2024-12-18,routine_rotation
P00774-T01,P00774,U009,U005,2024-12-19,routine_rotation
P00774-T02,P00774,U013,U005,2025-11-09,operational_requirement
P00774-T03,P00774,U012,U005,2026-03-26,routine_rotation
P00777-T01,P00777,U014,U015,2024-12-07,routine_rotation
P00777-T02,P00777,U015,U015,2026-02-22,routine_rotation
P00777-T03,P00777,U011,U015,2026-01-06,operational_requirement
P00777-T04,P00777,U013,U015,2024-09-09,operational_requirement
P00778-T01,P00778,U009,U004,2025-03-11,routine_rotation
P00780-T01,P00780,U016,U010,2025-06-17,routine_rotation
P00781-T01,P00781,U006,U015,2025-08-08,routine_rotation
P00781-T02,P00781,U004,U015,2025-12-10,routine_rotation
P00782-T01,P00782,U013,U009,2025-03-30,routine_rotation
P00783-T01,P00783,U006,U009,2026-03-29,operational_requirement
P00784-T01,P00784,U012,U002,2025-12-19,operational_requirement
P00786-T01,P00786,U003,U013,2026-02-04,routine_rotation
P00788-T01,P00788,U003,U015,2026-01-01,routine_rotation
P00791-T01,P00791,U013,U002,2025-07-11,operational_requirement
P00793-T01,P00793,U016,U012,2024-12-21,routine_rotation
P00794-T01,P00794,U010,U001,2025-08-24,operational_requirement
P00794-T02,P00794,U016,U001,2025-10-28,operational_requirement
P00794-T03,P00794,U006,U001,2025-11-28,routine_rotation
P00797-T01,P00797,U009,U014,2026-06-22,routine_rotation
P00798-T01,P00798,U003,U002,2026-07-09,operational_requirement
P00799-T01,P00799,U016,U002,2025-10-03,operational_requirement
P00799-T02,P00799,U012,U002,2026-04-25,routine_rotation
P00800-T01,P00800,U002,U015,2025-05-11,routine_rotation
P00800-T02,P00800,U009,U015,2025-05-14,operational_requirement
